Finger Type,Pressure,Theta6,,Configuration,Pressure,Theta6,,,,,,,,,,,,,,,,,,,,,,
Finger_Large,0,0.78,,DS30DS30_0_1,0,-3.585569882,,,,,,,,,,,,,,,,,,,,,,
Finger_Large,2.07,3.9,,DS30DS30_0_1,2.125,-3.579553825,,,,,,,,,,,,,,,,,,,,,,
Finger_Large,4.15,4.71,,DS30DS30_0_1,4.25,-3.573537768,,,,,,,,,,,,,,,,,,,,,,
Finger_Large,6.22,5.49,,DS30DS30_0_1,6.375,-3.567521711,,,,,,,,,,,,,,,,,,,,,,
Finger_Large,8.29,6.45,,DS30DS30_0_1,8.5,-3.561505655,,,,,,,,,,,,,,,,,,,,,,
Finger_Large,10.37,7.3,,DS30DS30_0_1,10.625,-2.880258836,,,,,,,,,,,,,,,,,,,,,,
Finger_Large,12.44,7.89,,DS30DS30_0_1,12.75,-2.199012018,,,,,,,,,,,,,,,,,,,,,,
Finger_Large,14.51,7.87,,DS30DS30_0_1,14.875,-1.517765199,,,,,,,,,,,,,,,,,,,,,,
Finger_Large,16.59,7.58,,DS30DS30_0_1,17,-0.836518381,,,,,,,,,,,,,,,,,,,,,,
Finger_Large,18.66,7.76,,DS30DS30_0_1,19.125,-0.037385496,,,,,,,,,,,,,,,,,,,,,,
Finger_Large,20.73,8.5,,DS30DS30_0_1,21.25,0.761747389,,,,,,,,,,,,,,,,,,,,,,
Finger_Large,22.8,8.79,,DS30DS30_0_1,23.375,1.560880273,,,,,,,,,,,,,,,,,,,,,,
Finger_Large,24.88,8.95,,DS30DS30_0_1,24.4375,1.944224848,,,,,,,,,,,,,,,,,,,,,,
Finger_Large,26.95,9.17,,DS30DS30_0_1,26.5625,2.735246799,,,,,,,,,,,,,,,,,,,,,,
Finger_Large,29.02,9.68,,DS30DS30_0_1,28.6875,3.52626875,,,,,,,,,,,,,,,,,,,,,,
Finger_Large,31.1,9.87,,DS30DS30_0_1,30.8125,4.074141737,,,,,,,,,,,,,,,,,,,,,,
Finger_Large,33.17,10.8,,DS30DS30_0_1,32.9375,4.622014723,,,,,,,,,,,,,,,,,,,,,,
Finger_Large,35.24,11.53,,DS30DS30_0_1,35.0625,5.16988771,,,,,,,,,,,,,,,,,,,,,,
Finger_Large,37.32,12.2,,DS30DS30_0_1,37.1875,5.717760697,,,,,,,,,,,,,,,,,,,,,,
Finger_Large,39.39,12.93,,DS30DS30_0_1,39.3125,6.046584756,,,,,,,,,,,,,,,,,,,,,,
Finger_Large,41.46,12.93,,DS30DS30_0_1,41.4375,6.375408816,,,,,,,,,,,,,,,,,,,,,,
Finger_Large,43.54,13.43,,DS30DS30_0_1,43.5625,6.704232876,,,,,,,,,,,,,,,,,,,,,,
Finger_Large,45.61,13.85,,DS30DS30_0_1,45.6875,7.033056935,,,,,,,,,,,,,,,,,,,,,,
Finger_Large,47.68,14.26,,DS30DS30_0_1,47.8125,7.795807,,,,,,,,,,,,,,,,,,,,,,
Finger_Large,49.76,14.66,,DS30DS30_0_1,49.9375,8.558557065,,,,,,,,,,,,,,,,,,,,,,
Finger_Large,51.83,14.74,,DS30DS30_0_1,52.0625,9.32130713,,,,,,,,,,,,,,,,,,,,,,
Finger_Large,53.9,14.76,,DS30DS30_0_1,54.1875,10.08405719,,,,,,,,,,,,,,,,,,,,,,
Finger_Large,55.98,15.07,,DS30DS30_0_1,56.3125,10.94886537,,,,,,,,,,,,,,,,,,,,,,
Finger_Large,58.05,15.32,,DS30DS30_0_1,58.4375,11.81367354,,,,,,,,,,,,,,,,,,,,,,
Finger_Large,60.12,15.62,,DS30DS30_0_1,59.5,12.66236727,,,,,,,,,,,,,,,,,,,,,,
Finger_Large,62.2,15.79,,DS30DS30_0_1,62.6875,13.54328988,,,,,,,,,,,,,,,,,,,,,,
Finger_Large,64.27,16.31,,DS30DS30_0_1,64.8125,14.01239908,,,,,,,,,,,,,,,,,,,,,,
Finger_Large,66.34,16.3,,DS30DS30_0_1,66.9375,14.48150827,,,,,,,,,,,,,,,,,,,,,,
Finger_Large,68.41,16.51,,DS30DS30_0_1,68,15.01149423,,,,,,,,,,,,,,,,,,,,,,
Finger_Large,70.49,17.06,,DS30DS30_0_1,70.125,15.28364919,,,,,,,,,,,,,,,,,,,,,,
Finger_Large,72.56,17.33,,DS30DS30_0_1,72.25,15.55580414,,,,,,,,,,,,,,,,,,,,,,
Finger_Large,74.63,17.74,,DS30DS30_0_1,74.375,15.82795909,,,,,,,,,,,,,,,,,,,,,,
Finger_Large,76.71,18.15,,DS30DS30_0_1,76.5,16.10011404,,,,,,,,,,,,,,,,,,,,,,
Finger_Large,78.78,18.52,,DS30DS30_0_1,78.625,16.75901551,,,,,,,,,,,,,,,,,,,,,,
Finger_Large,80.85,18.74,,DS30DS30_0_1,81.8125,17.7473677,,,,,,,,,,,,,,,,,,,,,,
Finger_Large,82.93,19.2,,DS30DS30_0_1,82.875,18.07681844,,,,,,,,,,,,,,,,,,,,,,
Finger_Large,85,19.77,,DS30DS30_0_1,85,18.7357199,,,,,,,,,,,,,,,,,,,,,,
Finger_Large,87.07,20.25,,DS30DS30_0_1,87.125,19.39462137,,,,,,,,,,,,,,,,,,,,,,
Finger_Large,89.15,20.92,,DS30DS30_0_1,89.25,20.05352283,,,,,,,,,,,,,,,,,,,,,,
Finger_Large,91.22,20.92,,DS30DS30_0_1,91.375,20.71242429,,,,,,,,,,,,,,,,,,,,,,
Finger_Large,93.29,21.23,,DS30DS30_0_1,93.5,21.37132576,,,,,,,,,,,,,,,,,,,,,,
Finger_Large,95.37,21.51,,DS30DS30_0_1,95.625,21.6721286,,,,,,,,,,,,,,,,,,,,,,
Finger_Large,97.44,22.05,,DS30DS30_0_1,97.75,21.97293144,,,,,,,,,,,,,,,,,,,,,,
Finger_Large,99.51,22.22,,DS30DS30_0_1,99.875,22.27373429,,,,,,,,,,,,,,,,,,,,,,
Finger_Large,101.59,22.55,,DS30DS30_0_1,102,22.57453713,,,,,,,,,,,,,,,,,,,,,,
Finger_Large,103.66,22.83,,DS30DS30_0_1,103.59375,22.96128364,,,,,,,,,,,,,,,,,,,,,,
Finger_Large,105.73,23.09,,DS30DS30_0_1,105.1875,23.34803015,,,,,,,,,,,,,,,,,,,,,,
Finger_Large,107.8,23.48,,DS30DS30_0_1,107.3125,23.84220625,,,,,,,,,,,,,,,,,,,,,,
Finger_Large,109.88,23.97,,DS30DS30_0_1,109.4375,24.33638235,,,,,,,,,,,,,,,,,,,,,,
Finger_Large,111.95,24.18,,DS30DS30_0_1,111.5625,24.83055845,,,,,,,,,,,,,,,,,,,,,,
Finger_Large,114.02,24.32,,DS30DS30_0_1,113.6875,25.32473454,,,,,,,,,,,,,,,,,,,,,,
Finger_Large,116.1,24.31,,DS30DS30_0_1,115.8125,25.91201628,,,,,,,,,,,,,,,,,,,,,,
Finger_Large,118.17,24.62,,DS30DS30_0_1,119,26.47065014,,,,,,,,,,,,,,,,,,,,,,
Finger_Large,120.24,24.66,,DS30DS30_0_1,120.59375,27.07225582,,,,,,,,,,,,,,,,,,,,,,
Finger_Large,122.32,24.99,,DS30DS30_0_1,122.1875,27.6738615,,,,,,,,,,,,,,,,,,,,,,
Finger_Large,124.39,25.59,,DS30DS30_0_1,124.3125,28.31485804,,,,,,,,,,,,,,,,,,,,,,
Finger_Large,126.46,26.04,,DS30DS30_0_1,126.4375,28.95585457,,,,,,,,,,,,,,,,,,,,,,
Finger_Large,128.54,26.37,,DS30DS30_0_1,128.5625,29.86542507,,,,,,,,,,,,,,,,,,,,,,
Finger_Large,130.61,26.81,,DS30DS30_0_1,130.6875,30.23784764,,,,,,,,,,,,,,,,,,,,,,
Finger_Large,132.68,26.99,,DS30DS30_0_1,132.8125,30.64249908,,,,,,,,,,,,,,,,,,,,,,
Finger_Large,134.76,27.4,,DS30DS30_0_1,134.9375,31.04715052,,,,,,,,,,,,,,,,,,,,,,
Finger_Large,136.83,27.71,,DS30DS30_0_1,136,31.16890406,,,,,,,,,,,,,,,,,,,,,,
Finger_Large,138.9,28.16,,DS30DS30_0_1,139.1875,31.85645341,,,,,,,,,,,,,,,,,,,,,,
Finger_Large,140.98,28.16,,DS30DS30_0_1,141.3125,32.33630556,,,,,,,,,,,,,,,,,,,,,,
Finger_Large,143.05,28.42,,DS30DS30_0_1,143.4375,32.81615772,,,,,,,,,,,,,,,,,,,,,,
Finger_Large,145.12,29.23,,DS30DS30_0_1,145.5625,33.29600987,,,,,,,,,,,,,,,,,,,,,#DIV/0!,#DIV/0!
Finger_Large,147.2,29.67,,DS30DS30_0_1,147.6875,33.77586202,,,,,,,,,,,,,,,,,,,,,#DIV/0!,#DIV/0!
Finger_Large,149.27,29.79,,DS30DS30_0_1,149.8125,34.29689552,,,,,,,,,,,,,,,,,,,,,#DIV/0!,#DIV/0!
Finger_Large,151.34,30.23,,DS30DS30_0_1,151.9375,34.81792901,,,,,,,,,,,,,,,,,,,,,#DIV/0!,#DIV/0!
Finger_Large,153.41,30.21,,DS30DS30_0_1,153,35.06501706,,,,,,,,,,,,,,,,,,,,,#DIV/0!,#DIV/0!
Finger_Large,155.49,30.14,,DS30DS30_0_1,155.125,35.59500302,,,,,,,,,,,,,,,,,,,,,#DIV/0!,#DIV/0!
Finger_Large,157.56,30.16,,DS30DS30_0_1,157.25,36.12498898,,,,,,,,,,,,,,,,,,,,,#DIV/0!,#DIV/0!
Finger_Large,159.63,30.27,,DS30DS30_0_1,159.375,36.65497494,,,,,,,,,,,,,,,,,,,,,#DIV/0!,#DIV/0!
Finger_Large,161.71,30.25,,DS30DS30_0_1,161.5,37.1849609,,,,,,,,,,,,,,,,,,,,,#DIV/0!,#DIV/0!
Finger_Large,163.78,30.28,,DS30DS30_0_1,163.625,37.54305953,,,,,,,,,,,,,,,,,,,,,#DIV/0!,#DIV/0!
Finger_Large,165.85,30.28,,DS30DS30_0_1,165.75,37.90115815,,,,,,,,,,,,,,,,,,,,,#DIV/0!,#DIV/0!
Finger_Large,167.93,30.78,,DS30DS30_0_1,167.875,38.25925677,,,,,,,,,,,,,,,,,,,,,#DIV/0!,#DIV/0!
Finger_Large,170,30.87,,DS30DS30_0_1,170,38.61735539,,,,,,,,,,,,,,,,,,,,,#DIV/0!,#DIV/0!
Finger_Large,172.07,31.09,,DS30DS30_0_1,172.125,38.98977796,,,,,,,,,,,,,,,,,,,,,#DIV/0!,#DIV/0!
Finger_Large,174.15,31.83,,DS30DS30_0_1,174.25,39.36220053,,,,,,,,,,,,,,,,,,,,,#DIV/0!,#DIV/0!
Finger_Large,176.22,31.77,,DS30DS30_0_1,176.375,39.73462309,,,,,,,,,,,,,,,,,,,,,#DIV/0!,#DIV/0!
Finger_Large,178.29,32.15,,DS30DS30_0_1,178.5,40.10704566,,,,,,,,,,,,,,,,,,,,,#DIV/0!,#DIV/0!
Finger_Large,180.37,32.83,,DS30DS30_0_1,180.625,40.57973584,,,,,,,,,,,,,,,,,,,,,#DIV/0!,#DIV/0!
Finger_Large,182.44,33.33,,DS30DS30_0_1,182.75,41.05242602,,,,,,,,,,,,,,,,,,,,,#DIV/0!,#DIV/0!
Finger_Large,184.51,34.32,,DS30DS30_0_1,184.875,41.5251162,,,,,,,,,,,,,,,,,,,,,#DIV/0!,#DIV/0!
Finger_Large,186.59,34.96,,DS30DS30_0_1,187,41.99780638,,,,,,,,,,,,,,,,,,,,,#DIV/0!,#DIV/0!
Finger_Large,188.66,35.09,,DS30DS30_0_1,189.125,42.48482051,,,,,,,,,,,,,,,,,,,,,#DIV/0!,#DIV/0!
Finger_Large,190.73,35.09,,DS30DS30_0_1,190.1875,42.72832757,,,,,,,,,,,,,,,,,,,,,#DIV/0!,#DIV/0!
Finger_Large,192.8,35.09,,DS30DS30_0_1,192.3125,43.14014099,,,,,,,,,,,,,,,,,,,,,#DIV/0!,#DIV/0!
Finger_Large,194.88,35.08,,DS30DS30_0_1,194.4375,43.5519544,,,,,,,,,,,,,,,,,,,,,#DIV/0!,#DIV/0!
Finger_Large,196.95,35.7,,DS30DS30_0_1,197.625,44.23234178,,,,,,,,,,,,,,,,,,,,,#DIV/0!,#DIV/0!
Finger_Large,199.02,36.35,,DS30DS30_0_1,199.75,44.51882068,,,,,,,,,,,,,,,,,,,,,#DIV/0!,#DIV/0!
Finger_Large,201.1,37.25,,DS30DS30_0_1,201.875,44.80529958,,,,,,,,,,,,,,,,,,,,,#DIV/0!,#DIV/0!
Finger_Large,203.17,37.87,,DS30DS30_0_1,202.9375,44.90556719,,,,,,,,,,,,,,,,,,,,,#DIV/0!,#DIV/0!
Finger_Large,205.24,38.31,,DS30DS30_0_1,205.0625,45.17056017,,,,,,,,,,,,,,,,,,,,,#DIV/0!,#DIV/0!
Finger_Large,207.32,39.2,,DS30DS30_0_1,207.1875,45.43555315,,,,,,,,,,,,,,,,,,,,,#DIV/0!,#DIV/0!
Finger_Large,209.39,40.22,,DS30DS30_0_1,209.3125,45.71307959,,,,,,,,,,,,,,,,,,,,,#DIV/0!,#DIV/0!
Finger_Large,211.46,40.87,,DS30DS30_0_1,211.4375,45.99060602,,,,,,,,,,,,,,,,,,,,,#DIV/0!,#DIV/0!
Finger_Large,213.54,41.7,,DS30DS30_0_1,213.5625,46.26813245,,,,,,,,,,,,,,,,,,,,,#DIV/0!,#DIV/0!
Finger_Large,215.61,41.7,,DS30DS30_0_1,215.6875,46.54565888,,,,,,,,,,,,,,,,,,,,,#DIV/0!,#DIV/0!
Finger_Large,217.68,42.47,,DS30DS30_0_1,217.8125,46.87152863,,,,,,,,,,,,,,,,,,,,,,
Finger_Large,219.76,43.07,,DS30DS30_0_1,219.9375,47.19739837,,,,,,,,,,,,,,,,,,,,,,
Finger_Large,221.83,44.18,,DS30DS30_0_1,221,47.44090544,,,,,,,,,,,,,,,,,,,,,,
Finger_Large,223.9,44.92,,DS30DS30_0_1,223.125,47.71306039,,,,,,,,,,,,,,,,,,,,,,
Finger_Large,225.98,46.35,,DS30DS30_0_1,225.25,47.98521534,,,,,,,,,,,,,,,,,,,,,,
Finger_Large,228.05,47.03,,DS30DS30_0_1,228.4375,48.43641961,,,,,,,,,,,,,,,,,,,,,,
Finger_Large,230.12,47.79,,DS30DS30_0_1,229.5,48.52952525,,,,,,,,,,,,,,,,,,,,,,
Finger_Large,232.2,48.5,,DS30DS30_0_1,232.6875,49.02370135,,,,,,,,,,,,,,,,,,,,,,
Finger_Large,234.27,49.39,,DS30DS30_0_1,234.8125,49.28869433,,,,,,,,,,,,,,,,,,,,,,
Finger_Large,236.34,49.96,,DS30DS30_0_1,236.9375,49.55368731,,,,,,,,,,,,,,,,,,,,,,
Finger_Large,238.41,50.49,,DS30DS30_0_1,238,49.84732818,,,,,,,,,,,,,,,,,,,,,,
Finger_Large,240.49,50.49,,DS30DS30_0_1,240.125,50.00489157,,,,,,,,,,,,,,,,,,,,,,
Finger_Large,242.56,51.04,,DS30DS30_0_1,242.25,50.16245496,,,,,,,,,,,,,,,,,,,,,,
Finger_Large,244.63,51.33,,DS30DS30_0_1,244.375,50.32001836,,,,,,,,,,,,,,,,,,,,,,
Finger_Large,246.71,51.43,,DS30DS30_0_1,246.5,50.47758175,,,,,,,,,,,,,,,,,,,,,,
Finger_Large,248.78,51.75,,DS30DS30_0_1,248.625,50.73541276,,,,,,,,,,,,,,,,,,,,,,
Finger_Large,250.85,52.39,,DS30DS30_0_1,250.75,50.99324377,,,,,,,,,,,,,,,,,,,,,,
Finger_Large,252.93,52.9,,DS30DS30_0_1,252.875,51.25107477,,,,,,,,,,,,,,,,,,,,,,
Finger_Large,255,53.49,,DS30DS30_0_1,255,51.50890578,,,,,,,,,,,,,,,,,,,,,,
Finger_Large,257.07,54.03,,DS30DS30_0_1,257.125,51.72376496,,,,,,,,,,,,,,,,,,,,,,
Finger_Large,259.15,54.32,,DS30DS30_0_1,259.25,51.93862413,,,,,,,,,,,,,,,,,,,,,,
Finger_Large,261.22,54.52,,DS30DS30_0_1,261.375,52.1534833,,,,,,,,,,,,,,,,,,,,,,
Finger_Large,263.29,54.99,,DS30DS30_0_1,263.5,52.36834247,,,,,,,,,,,,,,,,,,,,,,
Finger_Large,265.37,54.99,,DS30DS30_0_1,265.625,52.45428614,,,,,,,,,,,,,,,,,,,,,,
Finger_Large,267.44,55.34,,DS30DS30_0_1,267.75,52.54022981,,,,,,,,,,,,,,,,,,,,,,
Finger_Large,269.51,55.77,,DS30DS30_0_1,269.875,52.62617348,,,,,,,,,,,,,,,,,,,,,,
Finger_Large,271.59,56.04,,DS30DS30_0_1,272,52.71211715,,,,,,,,,,,,,,,,,,,,,,
Finger_Large,273.66,56.5,,DS30DS30_0_1,274.125,52.78373688,,,,,,,,,,,,,,,,,,,,,,
Finger_Large,275.73,56.72,,DS30DS30_0_1,275.1875,52.81954674,,,,,,,,,,,,,,,,,,,,,,
Finger_Large,277.8,56.85,,DS30DS30_0_1,277.3125,52.92339534,,,,,,,,,,,,,,,,,,,,,,
Finger_Large,279.88,57.11,,DS30DS30_0_1,280.5,52.99859605,,,,,,,,,,,,,,,,,,,,,,
Finger_Large,281.95,57.15,,DS30DS30_0_1,282.625,53.15615944,,,,,,,,,,,,,,,,,,,,,,
Finger_Large,284.02,57.18,,DS30DS30_0_1,284.75,53.31372284,,,,,,,,,,,,,,,,,,,,,,
Finger_Large,286.1,57.12,,DS30DS30_0_1,285.8125,53.40324749,,,,,,,,,,,,,,,,,,,,,,
Finger_Large,288.17,57.15,,DS30DS30_0_1,287.9375,53.57155384,,,,,,,,,,,,,,,,,,,,,,
Finger_Large,290.24,57.16,,DS30DS30_0_1,290.0625,53.7398602,,,,,,,,,,,,,,,,,,,,,,
Finger_Large,292.32,57.28,,DS30DS30_0_1,292.1875,53.90816655,,,,,,,,,,,,,,,,,,,,,,
Finger_Large,294.39,57.41,,DS30DS30_0_1,294.3125,54.06214896,,,,,,,,,,,,,,,,,,,,,,
Finger_Large,296.46,57.45,,DS30DS30_0_1,296.4375,54.21613136,,,,,,,,,,,,,,,,,,,,,,
Finger_Large,298.54,57.59,,DS30DS30_0_1,298.5625,54.37011377,,,,,,,,,,,,,,,,,,,,,,
Finger_Large,300.61,57.54,,DS30DS30_0_1,300.6875,54.52409618,,,,,,,,,,,,,,,,,,,,,,
Finger_Large,302.68,57.5,,DS30DS30_0_1,302.8125,54.53842012,,,,,,,,,,,,,,,,,,,,,,
Finger_Large,304.76,57.42,,DS30DS30_0_1,304.9375,54.55274407,,,,,,,,,,,,,,,,,,,,,,
Finger_Large,306.83,57.41,,DS30DS30_0_1,307.0625,54.56706801,,,,,,,,,,,,,,,,,,,,,,
Finger_Large,308.9,57.4,,DS30DS30_0_1,309.1875,54.58139196,,,,,,,,,,,,,,,,,,,,,,
Finger_Large,310.98,57.26,,DS30DS30_0_1,311.3125,54.5437916,,,,,,,,,,,,,,,,,,,,,,
Finger_Large,313.05,57.36,,DS30DS30_0_1,313.4375,54.50619125,,,,,,,,,,,,,,,,,,,,,,
Finger_Large,315.12,57.35,,DS30DS30_0_1,315.5625,54.46859089,,,,,,,,,,,,,,,,,,,,,,
Finger_Large,317.2,57.41,,DS30DS30_0_1,317.6875,54.43099054,,,,,,,,,,,,,,,,,,,,,,
Finger_Large,319.27,57.34,,DS30DS30_0_1,319.8125,54.54021062,,,,,,,,,,,,,,,,,,,,,,
Finger_Large,321.34,57.33,,DS30DS30_0_1,321.9375,54.6494307,,,,,,,,,,,,,,,,,,,,,,
Finger_Large,323.41,57.49,,DS30DS30_0_1,323,54.71746943,,,,,,,,,,,,,,,,,,,,,,
Finger_Large,325.49,57.38,,DS30DS30_0_1,325.125,54.81773705,,,,,,,,,,,,,,,,,,,,,,
Finger_Large,327.56,57.36,,DS30DS30_0_1,327.25,54.91800466,,,,,,,,,,,,,,,,,,,,,,
Finger_Large,329.63,57.56,,DS30DS30_0_1,329.375,55.01827228,,,,,,,,,,,,,,,,,,,,,,
Finger_Large,331.71,57.63,,DS30DS30_0_1,331.5,55.11853989,,,,,,,,,,,,,,,,,,,,,,
Finger_Large,333.78,57.68,,DS30DS30_0_1,333.625,55.11853989,,,,,,,,,,,,,,,,,,,,,,
Finger_Large,335.85,57.82,,DS30DS30_0_1,335.75,55.11853989,,,,,,,,,,,,,,,,,,,,,,
Finger_Large,337.93,57.81,,DS30DS30_0_1,337.875,55.11853989,,,,,,,,,,,,,,,,,,,,,,
Finger_Large,340,57.8,,DS30DS30_0_1,340,55.11853989,,,,,,,,,,,,,,,,,,,,,,
,,,,,,,,,,,,,,,,,,,,,,,,,,,,
Finger_Small_1,0,0,,DS30DS30_0_1,0,-3.585569882,,,,,,,,,,,,,,,,,,,,,,
Finger_Small_1,2.56,2.58,,DS30DS30_0_1,2.125,-3.579553825,,,,,,,,,,,,,,,,,,,,,,
Finger_Small_1,5.11,3.49,,DS30DS30_0_1,5.3125,-3.57052974,,,,,,,,,,,,,,,,,,,,,,
Finger_Small_1,7.67,4.78,,DS30DS30_0_1,7.4375,-3.058090612,,,,,,,,,,,,,,,,,,,,,,
Finger_Small_1,10.23,6.21,,DS30DS30_0_1,10.625,-2.880258836,,,,,,,,,,,,,,,,,,,,,,
Finger_Small_1,12.78,7.13,,DS30DS30_0_1,12.75,-2.199012018,,,,,,,,,,,,,,,,,,,,,,
Finger_Small_1,15.34,7.26,,DS30DS30_0_1,15.9375,-1.08872724,,,,,,,,,,,,,,,,,,,,,,
Finger_Small_1,17.89,8.07,,DS30DS30_0_1,17,-0.836518381,,,,,,,,,,,,,,,,,,,,,,
Finger_Small_1,20.45,8.92,,DS30DS30_0_1,20.1875,0.362180946,,,,,,,,,,,,,,,,,,,,,,
Finger_Small_1,23.01,8.92,,DS30DS30_0_1,23.375,1.560880273,,,,,,,,,,,,,,,,,,,,,,
Finger_Small_1,25.56,9.52,,DS30DS30_0_1,25.5,2.360013158,,,,,,,,,,,,,,,,,,,,,,
Finger_Small_1,28.12,10.29,,DS30DS30_0_1,28.6875,3.52626875,,,,,,,,,,,,,,,,,,,,,,
Finger_Small_1,30.68,11.08,,DS30DS30_0_1,30.8125,4.303772478,,,,,,,,,,,,,,,,,,,,,,
Finger_Small_1,33.23,11.96,,DS30DS30_0_1,32.9375,4.622014723,,,,,,,,,,,,,,,,,,,,,,
Finger_Small_1,35.79,12.95,,DS30DS30_0_1,36.125,5.635183155,,,,,,,,,,,,,,,,,,,,,,
Finger_Small_1,38.35,13.9,,DS30DS30_0_1,38.25,5.800338239,,,,,,,,,,,,,,,,,,,,,,
Finger_Small_1,40.9,14.18,,DS30DS30_0_1,40.375,5.965493323,,,,,,,,,,,,,,,,,,,,,,
Finger_Small_1,43.46,14.74,,DS30DS30_0_1,43.5625,6.704232876,,,,,,,,,,,,,,,,,,,,,,
Finger_Small_1,46.02,15.19,,DS30DS30_0_1,46.75,7.333859778,,,,,,,,,,,,,,,,,,,,,,
Finger_Small_1,48.57,15.66,,DS30DS30_0_1,48.875,7.935465463,,,,,,,,,,,,,,,,,,,,,,
Finger_Small_1,51.13,16.62,,DS30DS30_0_1,51,8.537071147,,,,,,,,,,,,,,,,,,,,,,
Finger_Small_1,53.68,16.62,,DS30DS30_0_1,53.125,9.568395179,,,,,,,,,,,,,,,,,,,,,,
Finger_Small_1,56.24,17.07,,DS30DS30_0_1,56.3125,10.94886537,,,,,,,,,,,,,,,,,,,,,,
Finger_Small_1,58.8,17.91,,DS30DS30_0_1,58.4375,11.81367354,,,,,,,,,,,,,,,,,,,,,,
Finger_Small_1,61.35,18.72,,DS30DS30_0_1,61.625,13.24964901,,,,,,,,,,,,,,,,,,,,,,
Finger_Small_1,63.91,19.18,,DS30DS30_0_1,63.75,13.83693075,,,,,,,,,,,,,,,,,,,,,,
Finger_Small_1,66.47,19.77,,DS30DS30_0_1,66.9375,14.48150827,,,,,,,,,,,,,,,,,,,,,,
Finger_Small_1,69.02,20.57,,DS30DS30_0_1,69.0625,14.95061747,,,,,,,,,,,,,,,,,,,,,,
Finger_Small_1,71.58,21.21,,DS30DS30_0_1,71.1875,15.41972666,,,,,,,,,,,,,,,,,,,,,,
Finger_Small_1,74.14,21.54,,DS30DS30_0_1,74.375,15.82795909,,,,,,,,,,,,,,,,,,,,,,
Finger_Small_1,76.69,21.71,,DS30DS30_0_1,76.5,16.10011404,,,,,,,,,,,,,,,,,,,,,,
Finger_Small_1,79.25,22.12,,DS30DS30_0_1,79.6875,17.08846624,,,,,,,,,,,,,,,,,,,,,,
Finger_Small_1,81.8,23.07,,DS30DS30_0_1,81.8125,17.7473677,,,,,,,,,,,,,,,,,,,,,,
Finger_Small_1,84.36,23.05,,DS30DS30_0_1,83.9375,18.40626917,,,,,,,,,,,,,,,,,,,,,,
Finger_Small_1,86.92,23.9,,DS30DS30_0_1,87.125,19.39462137,,,,,,,,,,,,,,,,,,,,,,
Finger_Small_1,89.47,23.99,,DS30DS30_0_1,89.25,20.05352283,,,,,,,,,,,,,,,,,,,,,,
Finger_Small_1,92.03,24.63,,DS30DS30_0_1,92.4375,20.77330106,,,,,,,,,,,,,,,,,,,,,,
Finger_Small_1,94.59,24.99,,DS30DS30_0_1,94.5625,21.29791554,,,,,,,,,,,,,,,,,,,,,,
Finger_Small_1,97.14,25.75,,DS30DS30_0_1,97.75,21.97293144,,,,,,,,,,,,,,,,,,,,,,
Finger_Small_1,99.7,26.2,,DS30DS30_0_1,99.875,22.27373429,,,,,,,,,,,,,,,,,,,,,,
Finger_Small_1,102.26,27.08,,DS30DS30_0_1,102,22.57453713,,,,,,,,,,,,,,,,,,,,,,
Finger_Small_1,104.81,27.61,,DS30DS30_0_1,104.125,23.09019914,,,,,,,,,,,,,,,,,,,,,,
Finger_Small_1,107.37,28.4,,DS30DS30_0_1,107.3125,23.84220625,,,,,,,,,,,,,,,,,,,,,,
Finger_Small_1,109.92,28.77,,DS30DS30_0_1,109.4375,24.33638235,,,,,,,,,,,,,,,,,,,,,,
Finger_Small_1,112.48,29.18,,DS30DS30_0_1,112.625,25.09555143,,,,,,,,,,,,,,,,,,,,,,
Finger_Small_1,115.04,29.18,,DS30DS30_0_1,114.75,25.55391766,,,,,,,,,,,,,,,,,,,,,,
Finger_Small_1,117.59,29.6,,DS30DS30_0_1,117.9375,26.49929802,,,,,,,,,,,,,,,,,,,,,,
Finger_Small_1,120.15,29.84,,DS30DS30_0_1,120.0625,27.08657976,,,,,,,,,,,,,,,,,,,,,,
Finger_Small_1,122.71,29.98,,DS30DS30_0_1,122.1875,27.6738615,,,,,,,,,,,,,,,,,,,,,,
Finger_Small_1,125.26,30.21,,DS30DS30_0_1,125.375,28.87707287,,,,,,,,,,,,,,,,,,,,,,
Finger_Small_1,127.82,30.9,,DS30DS30_0_1,128.03125,29.55746026,,,,,,,,,,,,,,,,,,,,,,
Finger_Small_1,130.38,31.7,,DS30DS30_0_1,130.6875,30.23784764,,,,,,,,,,,,,,,,,,,,,,
Finger_Small_1,132.93,32.09,,DS30DS30_0_1,133.34375,30.70337585,,,,,,,,,,,,,,,,,,,,,,
Finger_Small_1,135.49,32.56,,DS30DS30_0_1,136,31.16890406,,,,,,,,,,,,,,,,,,,,,,
Finger_Small_1,138.05,32.63,,DS30DS30_0_1,138.125,31.62727029,,,,,,,,,,,,,,,,,,,,,,
Finger_Small_1,140.6,32.74,,DS30DS30_0_1,140.25,32.08563653,,,,,,,,,,,,,,,,,,,,,,
Finger_Small_1,143.16,33.44,,DS30DS30_0_1,143.4375,32.81615772,,,,,,,,,,,,,,,,,,,,,,
Finger_Small_1,145.71,33.45,,DS30DS30_0_1,145.5625,33.29600987,,,,,,,,,,,,,,,,,,,,,,
Finger_Small_1,148.27,34.02,,DS30DS30_0_1,148.75,34.03369303,,,,,,,,,,,,,,,,,,,,,,
Finger_Small_1,150.83,34.11,,DS30DS30_0_1,150.875,34.54935505,,,,,,,,,,,,,,,,,,,,,,
Finger_Small_1,153.38,34.44,,DS30DS30_0_1,153,35.06501706,,,,,,,,,,,,,,,,,,,,,,
Finger_Small_1,155.94,35.12,,DS30DS30_0_1,156.1875,35.859996,,,,,,,,,,,,,,,,,,,,,,
Finger_Small_1,158.5,35.5,,DS30DS30_0_1,158.3125,36.32552421,,,,,,,,,,,,,,,,,,,,,,
Finger_Small_1,161.05,36.15,,DS30DS30_0_1,161.5,37.1849609,,,,,,,,,,,,,,,,,,,,,,
Finger_Small_1,163.61,36.61,,DS30DS30_0_1,163.625,37.54305953,,,,,,,,,,,,,,,,,,,,,,
Finger_Small_1,166.17,36.93,,DS30DS30_0_1,165.75,37.90115815,,,,,,,,,,,,,,,,,,,,,,
Finger_Small_1,168.72,37.13,,DS30DS30_0_1,168.9375,38.44904904,,,,,,,,,,,,,,,,,,,,,,
Finger_Small_1,171.28,37.48,,DS30DS30_0_1,171.0625,38.81251914,,,,,,,,,,,,,,,,,,,,,,
Finger_Small_1,173.83,37.95,,DS30DS30_0_1,174.25,39.36220053,,,,,,,,,,,,,,,,,,,,,,
Finger_Small_1,176.39,37.96,,DS30DS30_0_1,176.375,39.73462309,,,,,,,,,,,,,,,,,,,,,,
Finger_Small_1,178.95,38.17,,DS30DS30_0_1,178.5,40.10704566,,,,,,,,,,,,,,,,,,,,,,
Finger_Small_1,181.5,38.85,,DS30DS30_0_1,181.6875,40.81608093,,,,,,,,,,,,,,,,,,,,,,
Finger_Small_1,184.06,39.5,,DS30DS30_0_1,183.8125,41.29414259,,,,,,,,,,,,,,,,,,,,,,
Finger_Small_1,186.62,40.08,,DS30DS30_0_1,187,41.99780638,,,,,,,,,,,,,,,,,,,,,,
Finger_Small_1,189.17,40.17,,DS30DS30_0_1,189.125,42.48482051,,,,,,,,,,,,,,,,,,,,,,
Finger_Small_1,191.73,40.25,,DS30DS30_0_1,191.25,42.97183463,,,,,,,,,,,,,,,,,,,,,,
Finger_Small_1,194.29,40.52,,DS30DS30_0_1,194.4375,43.5519544,,,,,,,,,,,,,,,,,,,,,,
Finger_Small_1,196.84,40.75,,DS30DS30_0_1,196.5625,43.96376782,,,,,,,,,,,,,,,,,,,,,,
Finger_Small_1,199.4,40.93,,DS30DS30_0_1,199.75,44.51882068,,,,,,,,,,,,,,,,,,,,,,
Finger_Small_1,201.95,41.09,,DS30DS30_0_1,201.875,44.80529958,,,,,,,,,,,,,,,,,,,,,,
Finger_Small_1,204.51,41.4,,DS30DS30_0_1,204,45.09177848,,,,,,,,,,,,,,,,,,,,,,
Finger_Small_1,207.07,41.4,,DS30DS30_0_1,207.1875,45.43555315,,,,,,,,,,,,,,,,,,,,,,
Finger_Small_1,209.62,41.85,,DS30DS30_0_1,209.3125,45.71307959,,,,,,,,,,,,,,,,,,,,,,
Finger_Small_1,212.18,41.97,,DS30DS30_0_1,212.5,46.00851095,,,,,,,,,,,,,,,,,,,,,,
Finger_Small_1,214.74,42.27,,DS30DS30_0_1,214.625,46.36660957,,,,,,,,,,,,,,,,,,,,,,
Finger_Small_1,217.29,42.59,,DS30DS30_0_1,217.8125,46.87152863,,,,,,,,,,,,,,,,,,,,,,
Finger_Small_1,219.85,42.91,,DS30DS30_0_1,219.9375,47.19739837,,,,,,,,,,,,,,,,,,,,,,
Finger_Small_1,222.41,43.21,,DS30DS30_0_1,222.0625,47.52326812,,,,,,,,,,,,,,,,,,,,,,
Finger_Small_1,224.96,43.53,,DS30DS30_0_1,225.25,47.98521534,,,,,,,,,,,,,,,,,,,,,,
Finger_Small_1,227.52,43.91,,DS30DS30_0_1,227.375,48.25737029,,,,,,,,,,,,,,,,,,,,,,
Finger_Small_1,230.08,44.28,,DS30DS30_0_1,229.5,48.52952525,,,,,,,,,,,,,,,,,,,,,,
Finger_Small_1,232.63,44.49,,DS30DS30_0_1,232.6875,49.02370135,,,,,,,,,,,,,,,,,,,,,,
Finger_Small_1,235.19,44.34,,DS30DS30_0_1,235.875,49.51787744,,,,,,,,,,,,,,,,,,,,,,
Finger_Small_1,237.74,44.33,,DS30DS30_0_1,238,49.84732818,,,,,,,,,,,,,,,,,,,,,,
Finger_Small_1,240.3,44.64,,DS30DS30_0_1,240.125,50.00489157,,,,,,,,,,,,,,,,,,,,,,
Finger_Small_1,242.86,44.82,,DS30DS30_0_1,242.25,50.16245496,,,,,,,,,,,,,,,,,,,,,,
Finger_Small_1,245.41,45.07,,DS30DS30_0_1,245.4375,50.47400076,,,,,,,,,,,,,,,,,,,,,,
Finger_Small_1,247.97,45.4,,DS30DS30_0_1,247.5625,50.66916451,,,,,,,,,,,,,,,,,,,,,,
Finger_Small_1,250.53,45.12,,DS30DS30_0_1,250.75,50.99324377,,,,,,,,,,,,,,,,,,,,,,
Finger_Small_1,253.08,45.59,,DS30DS30_0_1,253.9375,51.3477614,,,,,,,,,,,,,,,,,,,,,,
Finger_Small_1,255.64,45.35,,DS30DS30_0_1,255,51.50890578,,,,,,,,,,,,,,,,,,,,,,
Finger_Small_1,258.2,45.7,,DS30DS30_0_1,258.1875,51.83119454,,,,,,,,,,,,,,,,,,,,,,
Finger_Small_1,260.75,45.33,,DS30DS30_0_1,260.3125,51.9977104,,,,,,,,,,,,,,,,,,,,,,
Finger_Small_1,263.31,45.42,,DS30DS30_0_1,263.5,52.36834247,,,,,,,,,,,,,,,,,,,,,,
Finger_Small_1,265.86,45.75,,DS30DS30_0_1,265.625,52.45428614,,,,,,,,,,,,,,,,,,,,,,
Finger_Small_1,268.42,45.75,,DS30DS30_0_1,268.8125,52.57783017,,,,,,,,,,,,,,,,,,,,,,
Finger_Small_1,270.98,45.64,,DS30DS30_0_1,270.9375,52.65840236,,,,,,,,,,,,,,,,,,,,,,
Finger_Small_1,273.53,45.64,,DS30DS30_0_1,273.0625,52.73897455,,,,,,,,,,,,,,,,,,,,,,
Finger_Small_1,276.09,45.87,,DS30DS30_0_1,276.25,52.8553566,,,,,,,,,,,,,,,,,,,,,,
Finger_Small_1,278.65,46.19,,DS30DS30_0_1,278.375,52.92697633,,,,,,,,,,,,,,,,,,,,,,
Finger_Small_1,281.2,46.41,,DS30DS30_0_1,281.5625,53.13109254,,,,,,,,,,,,,,,,,,,,,,
Finger_Small_1,283.76,46.6,,DS30DS30_0_1,283.6875,53.23494114,,,,,,,,,,,,,,,,,,,,,,
Finger_Small_1,286.32,46.41,,DS30DS30_0_1,286.875,53.47128623,,,,,,,,,,,,,,,,,,,,,,
Finger_Small_1,288.87,46.63,,DS30DS30_0_1,289,53.62884962,,,,,,,,,,,,,,,,,,,,,,
Finger_Small_1,291.43,46.34,,DS30DS30_0_1,291.125,53.81506091,,,,,,,,,,,,,,,,,,,,,,
Finger_Small_1,293.98,46.85,,DS30DS30_0_1,293.25,54.00127219,,,,,,,,,,,,,,,,,,,,,,
Finger_Small_1,296.54,46.97,,DS30DS30_0_1,296.4375,54.21613136,,,,,,,,,,,,,,,,,,,,,,
Finger_Small_1,299.1,46.96,,DS30DS30_0_1,299.625,54.47396237,,,,,,,,,,,,,,,,,,,,,,
Finger_Small_1,301.65,44.69,,DS30DS30_0_1,301.75,54.57422999,,,,,,,,,,,,,,,,,,,,,,
Finger_Small_1,304.21,44.79,,DS30DS30_0_1,304.9375,54.55274407,,,,,,,,,,,,,,,,,,,,,,
Finger_Small_1,306.77,45.37,,DS30DS30_0_1,306,54.77476521,,,,,,,,,,,,,,,,,,,,,,
Finger_Small_1,309.32,45.4,,DS30DS30_0_1,309.1875,54.58139196,,,,,,,,,,,,,,,,,,,,,,
Finger_Small_1,311.88,45.98,,DS30DS30_0_1,311.3125,54.5437916,,,,,,,,,,,,,,,,,,,,,,
Finger_Small_1,314.44,45.94,,DS30DS30_0_1,314.5,54.2591032,,,,,,,,,,,,,,,,,,,,,,
Finger_Small_1,316.99,45.88,,DS30DS30_0_1,316.625,54.37369476,,,,,,,,,,,,,,,,,,,,,,
Finger_Small_1,319.55,46.16,,DS30DS30_0_1,319.8125,54.54021062,,,,,,,,,,,,,,,,,,,,,,
Finger_Small_1,322.11,46.02,,DS30DS30_0_1,321.9375,54.6494307,,,,,,,,,,,,,,,,,,,,,,
Finger_Small_1,324.66,46.26,,DS30DS30_0_1,324.0625,54.75865078,,,,,,,,,,,,,,,,,,,,,,
Finger_Small_1,327.22,47.12,,DS30DS30_0_1,327.25,54.91800466,,,,,,,,,,,,,,,,,,,,,,
Finger_Small_1,329.77,47.1,,DS30DS30_0_1,329.375,55.01827228,,,,,,,,,,,,,,,,,,,,,,
Finger_Small_1,332.33,46.94,,DS30DS30_0_1,332.5625,55.05587263,,,,,,,,,,,,,,,,,,,,,,
Finger_Small_1,334.89,46.38,,DS30DS30_0_1,334.6875,55.11853989,,,,,,,,,,,,,,,,,,,,,,
Finger_Small_1,337.44,46.91,,DS30DS30_0_1,337.875,55.11853989,,,,,,,,,,,,,,,,,,,,,,
Finger_Small_1,340,46.85,,DS30DS30_0_1,340,55.11853989,,,,,,,,,,,,,,,,,,,,,,
,,,,,,,,,,,,,,,,,,,,,,,,,,,,
Finger_Small_2,0,1.045845868,,DS30DS30_0_2,0,-3.673805382,,,,,,,,,,,,,,,,,,,,,,
Finger_Small_2,4.15,1.628773161,,DS30DS30_0_2,4.25,-3.462383956,,,,,,,,,,,,,,,,,,,,,,
Finger_Small_2,8.29,2.812823363,,DS30DS30_0_2,8.5,-3.25096253,,,,,,,,,,,,,,,,,,,,,,
Finger_Small_2,12.44,3.756320454,,DS30DS30_0_2,12.75,-1.375299244,,,,,,,,,,,,,,,,,,,,,,
Finger_Small_2,16.59,4.071213471,,DS30DS30_0_2,16.734375,0.364743142,,,,,,,,,,,,,,,,,,,,,,
Finger_Small_2,20.73,4.14382537,,DS30DS30_0_2,20.71875,2.012825801,,,,,,,,,,,,,,,,,,,,,,
Finger_Small_2,24.88,4.468113652,,DS30DS30_0_2,24.4375,3.311155327,,,,,,,,,,,,,,,,,,,,,,
Finger_Small_2,29.02,5.244201135,,DS30DS30_0_2,29.21875,3.970955619,,,,,,,,,,,,,,,,,,,,,,
Finger_Small_2,33.17,5.23056909,,DS30DS30_0_2,33.46875,4.038636258,,,,,,,,,,,,,,,,,,,,,,
Finger_Small_2,37.32,5.92890538,,DS30DS30_0_2,37.1875,4.626490956,,,,,,,,,,,,,,,,,,,,,,
Finger_Small_2,41.46,7.325627181,,DS30DS30_0_2,41.4375,5.556079169,,,,,,,,,,,,,,,,,,,,,,
Finger_Small_2,45.61,11.34818576,,DS30DS30_0_2,45.6875,6.80065093,,,,,,,,,,,,,,,,,,,,,,
Finger_Small_2,49.76,14.06214264,,DS30DS30_0_2,49.9375,8.314799333,,,,,,,,,,,,,,,,,,,,,,
Finger_Small_2,53.9,15.45027588,,DS30DS30_0_2,54.1875,9.962303663,,,,,,,,,,,,,,,,,,,,,,
Finger_Small_2,58.05,16.29219182,,DS30DS30_0_2,58.4375,11.55584253,,,,,,,,,,,,,,,,,,,,,,
Finger_Small_2,62.19,17.42852208,,DS30DS30_0_2,62.6875,12.53345177,,,,,,,,,,,,,,,,,,,,,,
Finger_Small_2,66.34,18.41474386,,DS30DS30_0_2,66.9375,13.0705997,,,,,,,,,,,,,,,,,,,,,,
Finger_Small_2,70.49,19.65066576,,DS30DS30_0_2,71.1875,13.6936913,,,,,,,,,,,,,,,,,,,,,,
Finger_Small_2,74.63,20.94976479,,DS30DS30_0_2,72.25,13.86557864,,,,,,,,,,,,,,,,,,,,,,
Finger_Small_2,78.78,21.88712322,,DS30DS30_0_2,76.5,14.553128,,,,,,,,,,,,,,,,,,,,,,
Finger_Small_2,82.93,21.88156052,,DS30DS30_0_2,80.75,16.12876193,,,,,,,,,,,,,,,,,,,,,,
Finger_Small_2,87.07,22.31121474,,DS30DS30_0_2,85,17.70439587,,,,,,,,,,,,,,,,,,,,,,
Finger_Small_2,91.22,23.22664878,,DS30DS30_0_2,89.25,18.50653678,,,,,,,,,,,,,,,,,,,,,,
Finger_Small_2,95.36,24.22121174,,DS30DS30_0_2,93.5,19.3086777,,,,,,,,,,,,,,,,,,,,,,
Finger_Small_2,99.51,25.98315417,,DS30DS30_0_2,97.75,19.70974815,,,,,,,,,,,,,,,,,,,,,,
Finger_Small_2,103.66,29.50630686,,DS30DS30_0_2,102,20.11081861,,,,,,,,,,,,,,,,,,,,,,
Finger_Small_2,107.8,29.8704627,,DS30DS30_0_2,106.25,20.99890319,,,,,,,,,,,,,,,,,,,,,,
Finger_Small_2,111.95,31.01694277,,DS30DS30_0_2,110.5,21.88698777,,,,,,,,,,,,,,,,,,,,,,
Finger_Small_2,116.1,31.55065257,,DS30DS30_0_2,114.75,23.29073437,,,,,,,,,,,,,,,,,,,,,,
Finger_Small_2,120.24,32.01661533,,DS30DS30_0_2,119,24.69448097,,,,,,,,,,,,,,,,,,,,,,
Finger_Small_2,124.39,32.63128496,,DS30DS30_0_2,123.25,25.63986133,,,,,,,,,,,,,,,,,,,,,,
Finger_Small_2,128.54,33.70628542,,DS30DS30_0_2,127.5,26.58524169,,,,,,,,,,,,,,,,,,,,,,
Finger_Small_2,132.68,33.71439953,,DS30DS30_0_2,131.75,27.38738261,,,,,,,,,,,,,,,,,,,,,,
Finger_Small_2,136.83,34.53969127,,DS30DS30_0_2,136,28.18952352,,,,,,,,,,,,,,,,,,,,,,
Finger_Small_2,140.97,35.73676263,,DS30DS30_0_2,140.25,28.8197771,,,,,,,,,,,,,,,,,,,,,,
Finger_Small_2,145.12,37.32210561,,DS30DS30_0_2,144.5,29.45003067,,,,,,,,,,,,,,,,,,,,,,
Finger_Small_2,149.27,37.81074274,,DS30DS30_0_2,148.75,30.45270681,,,,,,,,,,,,,,,,,,,,,,
Finger_Small_2,153.41,37.81339479,,DS30DS30_0_2,153,31.45538295,,,,,,,,,,,,,,,,,,,,,,
Finger_Small_2,157.56,37.85670982,,DS30DS30_0_2,157.25,32.60129854,,,,,,,,,,,,,,,,,,,,,,
Finger_Small_2,161.71,38.17719806,,DS30DS30_0_2,161.5,33.74721413,,,,,,,,,,,,,,,,,,,,,,
Finger_Small_2,165.85,38.17924851,,DS30DS30_0_2,165.75,34.14828459,,,,,,,,,,,,,,,,,,,,,,
Finger_Small_2,170,38.46675849,,DS30DS30_0_2,170,34.54935505,,,,,,,,,,,,,,,,,,,,,,
Finger_Small_2,174.14,39.05377421,,DS30DS30_0_2,174.25,35.2369044,,,,,,,,,,,,,,,,,,,,,,
Finger_Small_2,178.29,38.34054249,,DS30DS30_0_2,177.96875,35.84746255,,,,,,,,,,,,,,,,,,,,,,
Finger_Small_2,182.44,38.32965977,,DS30DS30_0_2,181.6875,36.54754536,,,,,,,,,,,,,,,,,,,,,,
Finger_Small_2,186.58,38.37709882,,DS30DS30_0_2,185.9375,37.36042923,,,,,,,,,,,,,,,,,,,,,,
Finger_Small_2,190.73,38.30852206,,DS30DS30_0_2,190.1875,38.10169338,,,,,,,,,,,,,,,,,,,,,,
Finger_Small_2,194.88,37.4066675,,DS30DS30_0_2,194.4375,38.76059484,,,,,,,,,,,,,,,,,,,,,,
Finger_Small_2,199.02,38.67605065,,DS30DS30_0_2,198.6875,39.30490475,,,,,,,,,,,,,,,,,,,,,,
Finger_Small_2,203.17,37.46143155,,DS30DS30_0_2,202.9375,39.75252802,,,,,,,,,,,,,,,,,,,,,,
Finger_Small_2,207.32,37.17209584,,DS30DS30_0_2,207.1875,40.15717947,,,,,,,,,,,,,,,,,,,,,,
Finger_Small_2,211.46,37.37366899,,DS30DS30_0_2,211.4375,40.56183091,,,,,,,,,,,,,,,,,,,,,,
Finger_Small_2,215.61,36.97539303,,DS30DS30_0_2,215.6875,41.09539786,,,,,,,,,,,,,,,,,,,,,,
Finger_Small_2,219.75,38.11033697,,DS30DS30_0_2,219.9375,41.71490847,,,,,,,,,,,,,,,,,,,,,,
Finger_Small_2,223.9,38.37903389,,DS30DS30_0_2,224.1875,42.29144725,,,,,,,,,,,,,,,,,,,,,,
Finger_Small_2,228.05,38.52573848,,DS30DS30_0_2,228.4375,42.81785223,,,,,,,,,,,,,,,,,,,,,,
Finger_Small_2,232.19,38.69856963,,DS30DS30_0_2,232.6875,43.27263748,,,,,,,,,,,,,,,,,,,,,,
Finger_Small_2,236.34,38.69535755,,DS30DS30_0_2,238,43.77397555,,,,,,,,,,,,,,,,,,,,,,
Finger_Small_2,240.49,39.11871342,,DS30DS30_0_2,240.125,43.88856711,,,,,,,,,,,,,,,,,,,,,,
Finger_Small_2,244.63,39.94442469,,DS30DS30_0_2,244.375,44.11775023,,,,,,,,,,,,,,,,,,,,,,
Finger_Small_2,248.78,40.4095684,,DS30DS30_0_2,248.625,44.36125729,,,,,,,,,,,,,,,,,,,,,,
Finger_Small_2,252.92,40.7664876,,DS30DS30_0_2,252.875,44.6190883,,,,,,,,,,,,,,,,,,,,,,
Finger_Small_2,257.07,41.18803667,,DS30DS30_0_2,257.125,44.94853903,,,,,,,,,,,,,,,,,,,,,,
Finger_Small_2,261.22,41.52283024,,DS30DS30_0_2,261.375,45.34960948,,,,,,,,,,,,,,,,,,,,,,
Finger_Small_2,265.36,42.03045331,,DS30DS30_0_2,265.625,45.70770811,,,,,,,,,,,,,,,,,,,,,,
Finger_Small_2,269.51,42.70938996,,DS30DS30_0_2,269.875,46.02283489,,,,,,,,,,,,,,,,,,,,,,
Finger_Small_2,273.66,43.22325152,,DS30DS30_0_2,274.125,46.26634196,,,,,,,,,,,,,,,,,,,,,,
Finger_Small_2,277.8,43.56313008,,DS30DS30_0_2,277.3125,46.39525746,,,,,,,,,,,,,,,,,,,,,,
Finger_Small_2,281.95,43.88784388,,DS30DS30_0_2,281.5625,46.57430677,,,,,,,,,,,,,,,,,,,,,,
Finger_Small_2,286.09,43.88784388,,DS30DS30_0_2,285.8125,46.774842,,,,,,,,,,,,,,,,,,,,,,
Finger_Small_2,290.24,44.57634771,,DS30DS30_0_2,290.0625,46.97537723,,,,,,,,,,,,,,,,,,,,,,
Finger_Small_2,294.39,45.57785444,,DS30DS30_0_2,294.3125,47.17591246,,,,,,,,,,,,,,,,,,,,,,
Finger_Small_2,298.53,46.21887524,,DS30DS30_0_2,298.5625,47.35496177,,,,,,,,,,,,,,,,,,,,,,
Finger_Small_2,302.68,46.3277228,,DS30DS30_0_2,302.8125,47.46955333,,,,,,,,,,,,,,,,,,,,,,
Finger_Small_2,306.83,46.65374946,,DS30DS30_0_2,307.0625,47.56982094,,,,,,,,,,,,,,,,,,,,,,
Finger_Small_2,310.97,47.23697906,,DS30DS30_0_2,311.3125,47.62711672,,,,,,,,,,,,,,,,,,,,,,
Finger_Small_2,315.12,47.63729063,,DS30DS30_0_2,315.5625,47.69873644,,,,,,,,,,,,,,,,,,,,,,
Finger_Small_2,319.27,47.99756318,,DS30DS30_0_2,319.8125,47.813328,,,,,,,,,,,,,,,,,,,,,,
Finger_Small_2,323.41,47.76410617,,DS30DS30_0_2,323,47.89927167,,,,,,,,,,,,,,,,,,,,,,
Finger_Small_2,327.56,47.72029506,,DS30DS30_0_2,327.25,47.98521534,,,,,,,,,,,,,,,,,,,,,,
Finger_Small_2,331.7,47.38147275,,DS30DS30_0_2,331.5,48.07115901,,,,,,,,,,,,,,,,,,,,,,
Finger_Small_2,335.85,47.37290066,,DS30DS30_0_2,335.75,48.07115901,,,,,,,,,,,,,,,,,,,,,,
Finger_Small_2,340,45.95265667,,DS30DS30_0_2,340,48.07115901,,,,,,,,,,,,,,,,,,,,,,
